Drug1,Drug2,Prob,Method
DB00780,Cytochrome_P450_2D6,0.9990000000000001,KBMF2K
DB05351,Cytochrome_P450_2C9,0.9247,KBMF2K
DB00470,Cytochrome_P450_1A2,0.8515,KBMF2K
DB00470,Cytochrome_P450_2D6,0.7946,KBMF2K
DB00909,Cytochrome_P450_1A2,0.7837,KBMF2K
DB00938,Cytochrome_P450_2D6,0.7304,KBMF2K
DB00130,Cytochrome_P450_2D6,0.6974,KBMF2K
DB01173,Cytochrome_P450_2C9,0.6890000000000001,KBMF2K
